Name,Age,Math,Science,English,City,Total,Average,Grade
Alice,20,85,90,88,NYC,263,87.66666666666667,B
Bob,22,92,88,95,LA,275,91.66666666666667,A
Charlie,21,78,85,80,Chicago,243,81.0,B
Diana,20,95,92,90,NYC,277,92.33333333333333,A
Eve,23,88,86,92,Boston,266,88.66666666666667,B
Frank,22,76,80,85,LA,241,80.33333333333333,B
Grace,21,90,95,88,Chicago,273,91.0,A
Henry,20,82,78,86,NYC,246,82.0,B
Iris,22,94,90,93,Boston,277,92.33333333333333,A
Jack,21,80,82,79,LA,241,80.33333333333333,B
